nome;tipo;apelidos
UNIVERSAL;reposicao;UNIVEL|UNIVERSAL AUTOMOTIVE|UNIVERSAL AUTOMOTIVE SYSTEMS
ARTEB;reposicao;
COFRAN;reposicao;
GAUSS;reposicao;
COBREQ;reposicao;
AMORTEX;reposicao;
2M PLASTIC;reposicao;2M
DNI;reposicao;
ENGEKAR;reposicao;
DEPO;reposicao;
LOMA PLAST;reposicao;LOMA
COFAP;reposicao;
FITAM;reposicao;
RENAULT;montadora;
VOLKSWAGEN;montadora;VW
CHEVROLET;montadora;GM|GMC
FIAT;montadora;
FORD;montadora;
TOYOTA;montadora;
HONDA;montadora;
HYUNDAI;montadora;
1A CLASSE;reposicao;
1A LINHA;reposicao;
3BRIO;reposicao;
3M;reposicao;
3RHO;reposicao;
ABC;reposicao;
ABSOLUTA;reposicao;
AC DELCO;reposicao;
ACERO;reposicao;
ACRILUX;reposicao;
ACRINOX;reposicao;
ADAN;reposicao;
AEROFLEX;reposicao;
AFONSO;reposicao;
AGV;reposicao;
AIR FRESHENER;reposicao;
AIR LEAF;reposicao;
AJAX;reposicao;
AJE;reposicao;
ALBA;reposicao;
ALKLIN;reposicao;
ALLEN;reposicao;
ALPENFIX;reposicao;
ALPER;reposicao;
AMAPA;reposicao;
AMG;reposicao;
AMPRI;reposicao;
AMS;reposicao;
ANDORINHA;reposicao;
ANJO;reposicao;
ANTICO;reposicao;
APLIC;reposicao;
ARAD;reposicao;
ARAPONGA;reposicao;
ARGENCAR;reposicao;
ART-CITROEN;reposicao;
ART-FIAT;reposicao;
ART-FORD;reposicao;
ART-TOYOTA;reposicao;
ART-VOLKSWAGEN;reposicao;
ARTEB - CLASSICOS;reposicao;
ARTMOLD;reposicao;
ATE;reposicao;
ATRIO;reposicao;
AUDAX;reposicao;
AUTECH;reposicao;
AUTO POSTAL;reposicao;
AUTO QUALITY;reposicao;
AUTO STAR;reposicao;
AUTOFIX;reposicao;
AUTOPLAST;reposicao;
AUTOPOLI;reposicao;
AUTOSHINE;reposicao;
AUTOTRAVI;reposicao;
AVIONIX;reposicao;
AXIOS;reposicao;
B PRO AUTO;reposicao;
B&S AUTOMOTIVA;reposicao;
BANO;reposicao;
BARDAHL;reposicao;
BASTOS;reposicao;
BC-CABOS;reposicao;
BEL;reposicao;
BELAIR;reposicao;
BEMFIXA;reposicao;
BEPO;reposicao;
BERGSON;reposicao;
BICCAPLAST;reposicao;
BLAWER;reposicao;
BMJ;reposicao;
BOB;reposicao;
BOMBER;reposicao;
BOQ;reposicao;
BORCOL;reposicao;
BOSAL;reposicao;
BOSCH;reposicao;
BRASCOLA;reposicao;
BRASILUX;reposicao;
BRASOLV;reposicao;
BRAUTO;reposicao;
BRAVOX;reposicao;
BREMBO;reposicao;
BRILHO;reposicao;
BRIM;reposicao;
BRK;reposicao;
BURG;reposicao;
BUSTER;reposicao;
BW;reposicao;
CABEL;reposicao;
CAIXIVEL;reposicao;
CAMPER;reposicao;
CAPAS-IMP;reposicao;
CAPAS_SKYWIND;reposicao;
CAPOTAS VIP;reposicao;
CAPTERPLUS;reposicao;
CARMIX;reposicao;
CAROL;reposicao;
CARRHEL;reposicao;
CARRO MANIA;reposicao;
CASA DO PARAFUSO;reposicao;
CASTROL;reposicao;
CENTAURO;reposicao;
CENTERPARTS;reposicao;
CENTRALSUL;reposicao;
CHG;reposicao;
CHIMPA;reposicao;
CHL;reposicao;
CIBER LUX;reposicao;
CIBIE;reposicao;
COFAP-A;reposicao;
COFRAN LANTERNAS;reposicao;
COFRAN RETROVISOR;reposicao;
COLLI;reposicao;
COLORGIN;reposicao;
COMIX;reposicao;
CONECT CAR;reposicao;
CONFIANCA;reposicao;
CONFIANCA GO;reposicao;
CONTITEC;reposicao;
CONTROIL;reposicao;
CORGEN;reposicao;
CORVEN;reposicao;
CORZUS;reposicao;
CRAL;reposicao;
CRB ROLAMENTOS;reposicao;
D-LINK;reposicao;
DARTA;reposicao;
DAUD;reposicao;
DAYCO;reposicao;
DEFABRI;reposicao;
DEFENDER;reposicao;
DELPHI;reposicao;
DELTAKIT;reposicao;
DENSO;reposicao;
DHF;reposicao;
DIALP;reposicao;
DIFATO;reposicao;
DINIZ;reposicao;
DINPAR;reposicao;
DIP;reposicao;
DIRETEC;reposicao;
DISKBOR;reposicao;
DKV;reposicao;
DOFABI;reposicao;
DOUPRAH;reposicao;
DPAULA;reposicao;
DR. MARCUS;reposicao;
DRAFT;reposicao;
DRICAR;reposicao;
DS INJECAO;reposicao;
DSC;reposicao;
DSC MECANICA;reposicao;
DTS;reposicao;
DUCAR;reposicao;
DYNA;reposicao;
DYNA - CAR CARE;reposicao;
ECCOFER;reposicao;
ECOPADS;reposicao;
ECOTAP;reposicao;
EDA;reposicao;
EFRARI;reposicao;
EGMA;reposicao;
EICHUT;reposicao;
ELF;reposicao;
ELGIN;reposicao;
ELITTE;reposicao;
ELPER;reposicao;
EMBLEMAX;reposicao;
ENFEITE CAR;reposicao;
ENGATCAR;reposicao;
ESTAMPARIA;reposicao;
ESTRIBOPECAS;reposicao;
EURO;reposicao;
EVERCOAT;reposicao;
EXPEX;reposicao;
EXTREME;reposicao;
F.LINHA;reposicao;
FAMA;reposicao;
FERODO;reposicao;
FIAMM;reposicao;
FIAMON;reposicao;
FILTRAN;reposicao;
FIPPARTS;reposicao;
FKS;reposicao;
FLABEG;reposicao;
FLASH;reposicao;
FLASH COVER;reposicao;
FLEXITRON;reposicao;
FLORIO;reposicao;
FORTLUZ;reposicao;
FRASLE;reposicao;
FREINER;reposicao;
FREMAX;reposicao;
FRISART;reposicao;
FRISAUTO;reposicao;
FTE;reposicao;
FURACAO;reposicao;
FURIOUS;reposicao;
G COMP;reposicao;
GANESH;reposicao;
GAP;reposicao;
GATES;reposicao;
GENERAL;reposicao;
GIVI;reposicao;
GL LANTERNAS;reposicao;
GODKS;reposicao;
GOODYEAR;reposicao;
GP TECH;reposicao;
GRAMPOLA;reposicao;
GRAND CAR;reposicao;
GRANERO;reposicao;
GRID;reposicao;
GROOVE;reposicao;
GT-OIL;reposicao;
GTNOX;reposicao;
GUARNIRUBBER;reposicao;
GUILHERPREST;reposicao;
HARTS;reposicao;
HB AUTOMOTIVE;reposicao;
HELIAR;reposicao;
HENRISAN;reposicao;
HIKARI;reposicao;
HINOR;reposicao;
HIPPER FREIOS;reposicao;
HOLLYCAP;reposicao;
HOZZ;reposicao;
HT;reposicao;
I2GO PRO;reposicao;
IBA;reposicao;
IBORCAR;reposicao;
IBTF;reposicao;
IDEMITSU;reposicao;
IFCAR;reposicao;
IGASA;reposicao;
IGP;reposicao;
IGUACU;reposicao;
ILUMINA;reposicao;
IMA;reposicao;
IMOLA;reposicao;
IMPERAT;reposicao;
IMPORTADO API;reposicao;
IMPORTADO GLOBAL;reposicao;
IMPORTADO TONG YANG;reposicao;
IMPORTADO-CFC;reposicao;
IMPORTADO-MEIHAO;reposicao;
IMPORTADO-SHINMEY;reposicao;
IMPORTADO-SKYWIND;reposicao;
INA;reposicao;
INDISA;reposicao;
INDUMEPI;reposicao;
INDUSPARTS;reposicao;
INJET PLAST;reposicao;
INNOX;reposicao;
INOVOX;reposicao;
INTER JOB;reposicao;
IPIRANGA;reposicao;
IRB;reposicao;
IVA;reposicao;
J. BALDAN;reposicao;
JAHU;reposicao;
JAMAICA;reposicao;
JBI;reposicao;
JBL;reposicao;
JCA;reposicao;
JCV;reposicao;
JETBAG;reposicao;
JMA;reposicao;
JMO;reposicao;
JONAS;reposicao;
JONHSON;reposicao;
JORDAO;reposicao;
JUAREZ;reposicao;
JURID;reposicao;
KATHO;reposicao;
KEKO;reposicao;
KENWOOD;reposicao;
KIT CIA;reposicao;
KITSBOR;reposicao;
KJ;reposicao;
KOSMOS;reposicao;
KOSTAL;reposicao;
KOUBE;reposicao;
KRAUCHER;reposicao;
KS;reposicao;
KX3;reposicao;
KYB;reposicao;
L.O PARTS;reposicao;
LATAS-IMP;reposicao;
LEDIAS;reposicao;
LENKER;reposicao;
LEVORIN;reposicao;
LG;reposicao;
LIMPEZA E SUPRIMENTO;reposicao;
LOKNOX;reposicao;
LONAFLEX;reposicao;
LONG LIFE;reposicao;
LS;reposicao;
LS2;reposicao;
LUBRAX;reposicao;
LUDOVICO;reposicao;
LUK;reposicao;
LUMAC;reposicao;
LUMAX;reposicao;
LUXCAR;reposicao;
LUZ SOLLAR;reposicao;
M CARTO;reposicao;
MABPLAST;reposicao;
MAGNETI MARELLI;reposicao;
MAGNETI MARELLI-I;reposicao;
MAGRAO;reposicao;
MAHLE;reposicao;
MALLTON;reposicao;
MANDO;reposicao;
MANITEC;reposicao;
MANN FILTER;reposicao;
MANTAC;reposicao;
MARCON - CALHAS;reposicao;
MARCON - EMBLEMAS;reposicao;
MARILIA;reposicao;
MARVINI;reposicao;
MASTER;reposicao;
MASTER FIBRAS;reposicao;
MASTIFLEX;reposicao;
MAXI RUBBEER;reposicao;
MAXION;reposicao;
MAXPRINT;reposicao;
MAXTRAVA;reposicao;
MAXX LUBRI;reposicao;
MAZZICAR;reposicao;
MCGARD;reposicao;
MCM;reposicao;
MDS;reposicao;
MECARM;reposicao;
MEGAPARTS;reposicao;
MENZELUB;reposicao;
METAGAL;reposicao;
METALPLAS;reposicao;
METZELER;reposicao;
MG MANGUEIRAS;reposicao;
MICHELIN;reposicao;
MICRON-AIR;reposicao;
MIDAS;reposicao;
MIKRON;reposicao;
MIL;reposicao;
MILITEC;reposicao;
MIP;reposicao;
MIXS;reposicao;
MJ;reposicao;
MOBENSANI;reposicao;
MOBIL;reposicao;
MONTAGEM;reposicao;
MONTECARLO;reposicao;
MONTKAR;reposicao;
MOPAR-FIAT;reposicao;
MOTORCRAFT;reposicao;
MOTORKOTE;reposicao;
MOTOVISOR;reposicao;
MOTUL;reposicao;
MOURA;reposicao;
MOV;reposicao;
MRM;reposicao;
MTE;reposicao;
MTF;reposicao;
MULTILASER;reposicao;
MULTIQUALITA;reposicao;
MULTIQUALITA MEC;reposicao;
MUNDIFLEX;reposicao;
N;reposicao;
NAKATA;reposicao;
NAT;reposicao;
NEOLUX;reposicao;
NEVESCAR;reposicao;
NEW;reposicao;
NEW SYSTEM;reposicao;
NGK;reposicao;
NK;reposicao;
NORFLEX;reposicao;
NORISK;reposicao;
NOTUS;reposicao;
NOVE 54;reposicao;
NSN;reposicao;
OFEM;reposicao;
OLIMPUS;reposicao;
ORBI QUIMICA;reposicao;
ORDENE;reposicao;
ORGUS;reposicao;
ORI;reposicao;
ORIG;reposicao;
ORIGINAL MECANICA;reposicao;
ORION;reposicao;
OSAFLEX;reposicao;
OSPINA;reposicao;
OSRAM;reposicao;
P.RODRIGUES;reposicao;
PALHETAS-SKWIND;reposicao;
PANASONIC;reposicao;
PANTER;reposicao;
PAPALEGUAS;reposicao;
PARACAR;reposicao;
PARAFLU;reposicao;
PARAUTO;reposicao;
PACOCA;reposicao;
PECISTA;reposicao;
PENTAGONO;reposicao;
PERCAR;reposicao;
PERFEC;reposicao;
PERFECT;reposicao;
PERMATEX;reposicao;
PEROLA;reposicao;
PERSONAL;reposicao;
PETROBRAS;reposicao;
PETROL;reposicao;
PETRONAS;reposicao;
PHOENIX;reposicao;
PIAVE;reposicao;
PIONEER;reposicao;
PIONEIRO;reposicao;
PIRELLI;reposicao;
PISLAN;reposicao;
PLASFER;reposicao;
PLASTCAR;reposicao;
PLASTIRON;reposicao;
PLATAFORMA;reposicao;
PLIMER;reposicao;
POLICAPAS;reposicao;
POLITRIZ;reposicao;
POLIVISOR;reposicao;
POLO;reposicao;
POLYPARTS;reposicao;
POSITRON;reposicao;
PPU;reposicao;
PRADO;reposicao;
PRIME IMPORTS;reposicao;
PRO TORK;reposicao;
PROAUTO;reposicao;
PROJECAR;reposicao;
PRUDENTINA;reposicao;
PUROLATOR;reposicao;
QMC;reposicao;
QUANTUM;reposicao;
QUARK;reposicao;
QUIMATIC;reposicao;
R2A;reposicao;
RACE CHROME;reposicao;
RACE TECH;reposicao;
RACOR;reposicao;
RADIADOR SKYWIND;reposicao;
RADIEX;reposicao;
RADNAQ;reposicao;
RADO;reposicao;
RADSUPER;reposicao;
RAINHA;reposicao;
RAINHA MECANICA;reposicao;
RAKTAS;reposicao;
RAMOS;reposicao;
RAYOVAC;reposicao;
RC CAMPOS;reposicao;
RCD;reposicao;
RDR;reposicao;
REDE;reposicao;
REFLEX;reposicao;
REI DO VOLANTE;reposicao;
RENOV;reposicao;
RESIL;reposicao;
RETOV;reposicao;
RETROVEX;reposicao;
REVEST CAPAS;reposicao;
RGF;reposicao;
RICA QUIMICA;reposicao;
RIGILINE;reposicao;
RIKKO;reposicao;
RIVERPLAST;reposicao;
RKM;reposicao;
RODABRAS;reposicao;
RODAFUSO;reposicao;
RODOCAR;reposicao;
ROMEU CALAMITA;reposicao;
RONA;reposicao;
ROTA;reposicao;
RPD;reposicao;
RPMOTORS;reposicao;
RPX;reposicao;
SABO;reposicao;
SACHS;reposicao;
SAFE;reposicao;
SAFETY CAR;reposicao;
SAILE;reposicao;
SAMPEL;reposicao;
SAMURAI;reposicao;
SANFIL;reposicao;
SAO JORGE;reposicao;
SATA;reposicao;
SCHADEK;reposicao;
SCHULZ;reposicao;
SCUD;reposicao;
SEGAP;reposicao;
SEINECA;reposicao;
SELENIUM;reposicao;
SEMPERIT;reposicao;
SF;reposicao;
SHANA;reposicao;
SHARK;reposicao;
SHEKPARTS;reposicao;
SHELL;reposicao;
SHERWIN WILLIANS;reposicao;
SHIMEC;reposicao;
SHINE CAR;reposicao;
SHINERAY;reposicao;
SHINKA;reposicao;
SHOCKBRAS;reposicao;
SHUTT;reposicao;
SINTECH;reposicao;
SKF;reposicao;
SLIME;reposicao;
SLION;reposicao;
SN;reposicao;
SNUF;reposicao;
SOFCOURO;reposicao;
SOLINO;reposicao;
SONY;reposicao;
SPICER;reposicao;
SPLODY;reposicao;
SPORT JONAS;reposicao;
SPORT RESINADOS;reposicao;
STAMPFER;reposicao;
STELLMAX;reposicao;
STOCK CAR;reposicao;
STRATUS;reposicao;
STRIBUS;reposicao;
SUITS;reposicao;
SUN;reposicao;
SUNS;reposicao;
SUPECAS;reposicao;
SUPER EX;reposicao;
SYL;reposicao;
TAMBASA;reposicao;
TAP;reposicao;
TAPAVEL;reposicao;
TARAMPS;reposicao;
TARANTO;reposicao;
TASCHIBRA;reposicao;
TECBRIL;reposicao;
TECFAN;reposicao;
TECFIL;reposicao;
TECFRESH;reposicao;
TECH ONE;reposicao;
TECHNEW;reposicao;
TECNOPARTS;reposicao;
TECNYL;reposicao;
TEK BOND;reposicao;
TEXACO;reposicao;
TGPOLI;reposicao;
THIAGO;reposicao;
THULE;reposicao;
TIGAR;reposicao;
TIGER;reposicao;
TIGER AUTO;reposicao;
TIIL;reposicao;
TITO BIKES;reposicao;
TOOLSWORLD;reposicao;
TOP MIX;reposicao;
TOP X;reposicao;
TORQ;reposicao;
TOTE;reposicao;
TP;reposicao;
TRAGIAL;reposicao;
TRAMONTINA;reposicao;
TRAMONTINA PRO;reposicao;
TRIGOPLAST;reposicao;
TROQUE FACIL;reposicao;
TRW;reposicao;
TUBA;reposicao;
TUFOIL;reposicao;
TURY;reposicao;
TWT;reposicao;
UNIFLEX;reposicao;
UNIVERSAL-PESADOS;reposicao;
UZ CAPAS;reposicao;
VALCLEI;reposicao;
VALEO;reposicao;
VALEO MECANICA;reposicao;
VANESSA;reposicao;
VELOCE;reposicao;
VELOCITY;reposicao;
VELOX PARTS;reposicao;
VETOR;reposicao;
VHIP;reposicao;
VIC;reposicao;
VIEMAR;reposicao;
VILLELA;reposicao;
VISCONDE;reposicao;
VOBER;reposicao;
VOLKSWAGEN MECANICA;reposicao;
VOLOXTER;reposicao;
VOLPATO;reposicao;
VONDER;reposicao;
VONIXX;reposicao;
VOX;reposicao;
VP;reposicao;
WANDA;reposicao;
WD40;reposicao;
WEGA;reposicao;
WESCO;reposicao;
WESTERN;reposicao;
WF;reposicao;
WILLTEC;reposicao;
WYNN'S;reposicao;
X11;reposicao;
ZAPORE;reposicao;
ZATT;reposicao;
ZEN;reposicao;
ZINNI;reposicao;
ZITO;reposicao;
ZM;reposicao;
ZTL;reposicao;
